Position,Company,Location,URL
라인프렌즈 2022년 각 부문 수시의 전체 세부 정보,라인프렌즈,서울 용산구,https://kr.indeed.com/rc/clk?jk=1015284880e2ff62&fccid=b6f22bcb6078a2c4&vjs=3
2022년 하반기 신입사원 (IT 시스템 개발/운영)의 전체 세부 정보,SK텔링크,서울 중구,https://kr.indeed.com/rc/clk?jk=ec83e01319142847&fccid=2b8496d6944f9429&vjs=3
[정규직] 2022년 소프트웨어 연구개발 신입/경력 사원의 전체 세부 정보,스카이시스,울산 북구,https://kr.indeed.com/rc/clk?jk=9f50e72b1130520d&fccid=c182093a93404981&vjs=3
프론트엔드(신입) 개발자 /충주의 전체 세부 정보,서울소프트,충청북도 충주,https://kr.indeed.com/rc/clk?jk=91675c17d1d0dbd8&fccid=97afd8ba47455ffe&vjs=3
2022년 하반기 신입사원 (Network 기획/운용)의 전체 세부 정보,SK텔링크,서울 중구,https://kr.indeed.com/rc/clk?jk=8fc69fd4984a234e&fccid=2b8496d6944f9429&vjs=3
언어이해(NLU) 기술 전문가의 전체 세부 정보,에스케이텔레콤,서울 종로구,https://kr.indeed.com/rc/clk?jk=cf50bdb811474442&fccid=ce2f0f28b40a5be8&vjs=3
[기술본부] 데이터거버넌스 엔지니어의 전체 세부 정보,Nexon,경기도 성남,https://kr.indeed.com/rc/clk?jk=d37ee1c76b41a9aa&fccid=aba87288e4cc3687&vjs=3
데이터 분석 전문가의 전체 세부 정보,에스케이텔레콤,서울 중구,https://kr.indeed.com/rc/clk?jk=177e0e206497cc18&fccid=ce2f0f28b40a5be8&vjs=3
FPGA-based Verification의 전체 세부 정보,비전넥스트,성남 분당구,https://kr.indeed.com/rc/clk?jk=6e7c58cc1b45d953&fccid=dd616958bd9ddc12&vjs=3
SCM혁신 신입/경력 사원 공개채용의 전체 세부 정보,유한킴벌리,서울 신천동,https://kr.indeed.com/rc/clk?jk=c759fe51adbc3ea1&fccid=b946e043e6327409&vjs=3
영상처리  컴퓨터 비전 전문가 (신입/경력)의 전체 세부 정보,에바,성남 수정구,https://kr.indeed.com/rc/clk?jk=2642a83874ea6bab&fccid=5cc87f5890bd7170&vjs=3
[Cloud] 클라우드 엔지니어의 전체 세부 정보,한국카카오은행,성남 분당구,https://kr.indeed.com/rc/clk?jk=04ae13e99df5db2d&fccid=aea6a13a3459fdb2&vjs=3
Industrial 4.0 Expert의 전체 세부 정보,볼보그룹코리아,창원 성산구,https://kr.indeed.com/rc/clk?jk=aeb29050aecc82f3&fccid=c0dd96ea3ee1094f&vjs=3
AI개발 및 고도화  연구 업무의 전체 세부 정보,플루언트,서울 강남구,https://kr.indeed.com/rc/clk?jk=c1d56b0d49e1958c&fccid=8fd103d8370e171f&vjs=3
[HYBE] Hybrid IT(Cloud + On-premise) 인프라 운영의 전체 세부 정보,하이브,서울 용산구,https://kr.indeed.com/rc/clk?jk=63e23c8f307c3a75&fccid=55c46c15186153ee&vjs=3
[11번가] System Engineer 분야의 전체 세부 정보,십일번가,서울 중구,https://kr.indeed.com/rc/clk?jk=60316b7ad62ed396&fccid=54911ff2dce6c429&vjs=3
2022년 양자 ICT 분야 포닥 펠로우십 연구원 공개의 전체 세부 정보,한국지능정보사회진흥원,서울 중구,https://kr.indeed.com/rc/clk?jk=7cd241dca2cccaec&fccid=40802c004429d453&vjs=3
'22년 하반기 신입 R&D 채용의 전체 세부 정보,한화그룹,서울,https://kr.indeed.com/rc/clk?jk=53216e6973b5e2f3&fccid=bd0dc1817223394f&vjs=3
포인드(주) 인공지능·딥러닝 개발자 (신입)의 전체 세부 정보,포인드,경상북도 구미,https://kr.indeed.com/rc/clk?jk=058526105f75dc1d&fccid=8c06ac232e35577e&vjs=3
데이터/머신러닝 엔지니어 신입/경력의 전체 세부 정보,게임빌컴투스플랫폼,서울 금천구,https://kr.indeed.com/rc/clk?jk=0e010b089975a37a&fccid=54f10c800a9048d4&vjs=3
[NAVER Cloud] 시스템 엔지니어의 전체 세부 정보,네이버클라우드,성남 분당구,https://kr.indeed.com/rc/clk?jk=75dc525f15f4c03a&fccid=54815931228b42c0&vjs=3
금융공학연구소 신입/경력 채용의 전체 세부 정보,KIS채권평가,서울 여의도,https://kr.indeed.com/rc/clk?jk=eaf27d0f05e18378&fccid=c54b7952dd9d6d70&vjs=3
시스템개발실 (front-end  back-end  인공지능개발)의 전체 세부 정보,인포보스,서울 강남구,https://kr.indeed.com/rc/clk?jk=e0aade664e2448a0&fccid=26efa0b77e7105f9&vjs=3
Cloud Engineer  Infrastructure  Google Cloud Professional Se...의 전체 세부 정보,Google,서울,https://kr.indeed.com/rc/clk?jk=df44443f36e6196a&fccid=a5b4499d9e91a5c6&vjs=3
[TmaxGroup/OS] OS 연구원의 전체 세부 정보,티맥스소프트,성남 분당구,https://kr.indeed.com/rc/clk?jk=a233a732dd447085&fccid=445576e2a7ced0d6&vjs=3
Kafka 담당자 영입의 전체 세부 정보,카카오페이,성남 분당구,https://kr.indeed.com/rc/clk?jk=97e9de2381da633d&fccid=c3aa6121be03065c&vjs=3
2022 하반기 신입/경력 상시의 전체 세부 정보,에이치엘클레무브,성남 분당구,https://kr.indeed.com/rc/clk?jk=04dd0cc990214ca8&fccid=6de6a3ce1560072b&vjs=3
[NEXON COMPANY] 부문별 신입 및 경력사원의 전체 세부 정보,엔미디어플랫폼,성남 분당구,https://kr.indeed.com/rc/clk?jk=0f9ed16a85dc8714&fccid=2cfb127a9d7ab3bc&vjs=3
Test Engineer의 전체 세부 정보,콘티넨탈 오토모티브 일렉트로닉스,세종특별자치시 세종,https://kr.indeed.com/rc/clk?jk=20246ad0010375dc&fccid=246fd6a50084f6cc&vjs=3
SW개발자 신입의 전체 세부 정보,컨트롤웍스,서울 강남구,https://kr.indeed.com/rc/clk?jk=ebbb216954057257&fccid=b9a4c1a753f43642&vjs=3
Quantitative Research Intern의 전체 세부 정보,WorldQuant,서울,https://kr.indeed.com/rc/clk?jk=679e7e7466c71a3e&fccid=08487f979320ebae&vjs=3
분석모델의 전체 세부 정보,KB데이타시스템,서울 마포구,https://kr.indeed.com/rc/clk?jk=9f97e6f75a2542c9&fccid=fe227fbd2afb9580&vjs=3
페이코 빅데이터 엔지니어링의 전체 세부 정보,NHN PAYCO,성남 판교역,https://kr.indeed.com/rc/clk?jk=804b9353ac2b5dfe&fccid=a72ebaf825acf7af&vjs=3
딥러닝 통한 인공지능 솔루션 개발자의 전체 세부 정보,엘세븐시큐리티,서울 송파구,https://kr.indeed.com/rc/clk?jk=554e814302b8a380&fccid=72880ee98034ba13&vjs=3
R&D 개발 신입 채용의 전체 세부 정보,연합인포맥스,서울 수송동,https://kr.indeed.com/rc/clk?jk=90fbc1c2488bed24&fccid=c0cba40e6676323a&vjs=3
Backend 개발의 전체 세부 정보,현대카드 캐피탈,서울 영등포구,https://kr.indeed.com/rc/clk?jk=8cfd75acb1c8da0b&fccid=fcc6d6b229369ff5&vjs=3
한국필립모리스 2022년 상반기 수시의 전체 세부 정보,한국필립모리스㈜,서울 영등포구,https://kr.indeed.com/rc/clk?jk=44e9ac7f0f94e784&fccid=fb7e65f74b012d18&vjs=3
Data Engineering 분야 개발자의 전체 세부 정보,에스케이텔레콤,서울 중구,https://kr.indeed.com/rc/clk?jk=6ca0656d7bc91045&fccid=ce2f0f28b40a5be8&vjs=3
[창신INC] 경력직 수시 9월 (Machine Intelligence)의 전체 세부 정보,창신 Inc.,부산 사하구,https://kr.indeed.com/rc/clk?jk=92762f60b6aff108&fccid=a5dd561989be5d08&vjs=3
데이터 분석 신입/경력 정규직의 전체 세부 정보,콘센트릭스서비스코리아,서울,https://kr.indeed.com/rc/clk?jk=7053ff070e1ebb55&fccid=7789b87d5d996c4a&vjs=3
ML/DL Data Scientist의 전체 세부 정보,현대카드 캐피탈,서울 영등포구,https://kr.indeed.com/rc/clk?jk=8d82ffc3587320ea&fccid=fcc6d6b229369ff5&vjs=3
2022년 상반기 주식회사 쏘마 전 개발 직군 (백엔드  프론트엔드 외 신입/경력 정규직)의 전체 세부 정보,쏘마,성남 분당구,https://kr.indeed.com/rc/clk?jk=13ef6f86810c0843&fccid=a3463f311ce6421e&vjs=3
[클라우드플랫폼실] System Engineering팀 클라우드 엔지니어의 전체 세부 정보,야놀자,서울 강남구,https://kr.indeed.com/rc/clk?jk=4ae5eb5bb613a826&fccid=73fe623ec23ed0a5&vjs=3
딥엑스 NPU SDK (DXNN) 개발 엔지니어의 전체 세부 정보,딥엑스,성남 분당구,https://kr.indeed.com/rc/clk?jk=8e91aa6c93de1790&fccid=e34932b8232a173b&vjs=3
머신비전 응용 소프트웨어 개발 엔지니어의 전체 세부 정보,에이비스,부산 남구,https://kr.indeed.com/rc/clk?jk=79968360763a8375&fccid=2ecd9c61c88e7fca&vjs=3
[TmaxGroup/AI] NLP/음성 AI모델 연구원(*전문연구요원 병역특례포함)의 전체 세부 정보,티맥스소프트,성남 분당구,https://kr.indeed.com/rc/clk?jk=9180d4b245fc8ddb&fccid=445576e2a7ced0d6&vjs=3
System Engineer의 전체 세부 정보,지마켓글로벌 유한책임회사,서울 강남구,https://kr.indeed.com/rc/clk?jk=1336e9275d1dd356&fccid=20a435d8b63c69d9&vjs=3
[외국계 스타트업 미소] Business Analyst Intern (정규직 전환형)의 전체 세부 정보,유한회사 미소,서울,https://kr.indeed.com/rc/clk?jk=4c25d6649f8434a8&fccid=02936474a8d39137&vjs=3
[전문연구요원] 의료영상 리서치 엔지니어 정규직의 전체 세부 정보,메디픽셀,서울 마포구,https://kr.indeed.com/rc/clk?jk=3544467a7b64376f&fccid=aba88c202493b8a5&vjs=3
[DB하이텍] 2022년 하반기 신입사원의 전체 세부 정보,DB하이텍,성남 분당구,https://kr.indeed.com/rc/clk?jk=0a25ad659ade2a31&fccid=eea775a7968b4a3d&vjs=3
리서치(사회조사/마케팅/시장조사) 연구원 신입/경력 정규직의 전체 세부 정보,리서치앤유,서울 성동구,https://kr.indeed.com/rc/clk?jk=de6547a5f2894d76&fccid=7c977224f6d09f7d&vjs=3
Python 기반 빅데이터 처리 개발자의 전체 세부 정보,드림어스컴퍼니,서울 서초구,https://kr.indeed.com/rc/clk?jk=d364360d1e0368e3&fccid=d5dc18a57ad82f07&vjs=3
리눅스 기술지원 엔지니어의 전체 세부 정보,유엔넷,서울 강남구,https://kr.indeed.com/rc/clk?jk=0e282c28618a079e&fccid=761b24064fd23903&vjs=3
[데이터실] 데이터 엔지니어의 전체 세부 정보,그린랩스,서울 송파구,https://kr.indeed.com/rc/clk?jk=8bdd592653ffbf20&fccid=feeacbc1377594e2&vjs=3
[데이터실] 머신러닝 엔지니어의 전체 세부 정보,그린랩스,서울 송파구,https://kr.indeed.com/rc/clk?jk=379602a689d720a5&fccid=feeacbc1377594e2&vjs=3
한국행동과학연구소 각 부문 수시의 전체 세부 정보,한국행동과학연구소,서울 강남구,https://kr.indeed.com/rc/clk?jk=287a2f9783758916&fccid=bfea989faf5bd4e4&vjs=3
[데브시스터즈] Data Analyst의 전체 세부 정보,데브시스터즈,서울 강남구,https://kr.indeed.com/rc/clk?jk=6b53335986238646&fccid=58a9a803698a0afd&vjs=3
[전액국비지원/취업연계] 자바프레임워크 개발자 양성과정의 전체 세부 정보,한국산업기술협회,서울,https://kr.indeed.com/rc/clk?jk=c1907a973b205292&fccid=5a55c77140927a52&vjs=3
Vision AI 전문가의 전체 세부 정보,에스케이텔레콤,서울 중구,https://kr.indeed.com/rc/clk?jk=389f2263cccb859b&fccid=ce2f0f28b40a5be8&vjs=3
[외국계 스타트업 미소] Business Analyst의 전체 세부 정보,유한회사 미소,서울,https://kr.indeed.com/rc/clk?jk=51df90967b46e8f0&fccid=02936474a8d39137&vjs=3
AI Backend 시스템 개발 전문가의 전체 세부 정보,에스케이텔레콤,서울 중구,https://kr.indeed.com/rc/clk?jk=9726650a6a52a21c&fccid=ce2f0f28b40a5be8&vjs=3
디지털 미디어 매니저(퍼포먼스&브랜딩) 신입/경력의 전체 세부 정보,스스스스,서울 서초구,https://kr.indeed.com/rc/clk?jk=4d6fa0f1b9726d7c&fccid=350448f49645d244&vjs=3
'22년 하반기 현대글로벌서비스 경력사원 상시의 전체 세부 정보,현대글로벌서비스,부산,https://kr.indeed.com/rc/clk?jk=9d17892661b6b45b&fccid=2218809aa2d071ff&vjs=3
웹개발자 백엔드&서버개발(HTML·DHTML·mHTML  JAVA 외) 신입/경력 정규직의 전체 세부 정보,블록스퀘어서울,서울 서초구,https://kr.indeed.com/rc/clk?jk=d8d732e66cb82eca&fccid=72348558bd9456ba&vjs=3
생명정보학 부문 박사졸 선임연구원 정규직 정규직의 전체 세부 정보,카이팜,서울 서대문구,https://kr.indeed.com/rc/clk?jk=3cd339cf8959f44d&fccid=9778b7ea9c8b85ae&vjs=3
Data Engineering 분야 전문가/개발자의 전체 세부 정보,에스케이텔레콤,서울 중구,https://kr.indeed.com/rc/clk?jk=ccda292180fbf3e8&fccid=ce2f0f28b40a5be8&vjs=3
소프트웨어 개발 python  flutter(파이썬  플러터)의 전체 세부 정보,엘레펀트,창원 의창구,https://kr.indeed.com/rc/clk?jk=3f466e1e5f6a97ea&fccid=dd616958bd9ddc12&vjs=3
AI/빅데이터 데이터분석(석 박사) (양재역)의 전체 세부 정보,시니어앤파트너즈,서울 서초구,https://kr.indeed.com/rc/clk?jk=a2c96d1b99630c56&fccid=59060ddcdf96b101&vjs=3
빗썸 테크 아카데미 블록체인 코스 3기의 전체 세부 정보,빗썸코리아,서울,https://kr.indeed.com/rc/clk?jk=587e2ec829ce86e1&fccid=ad41bce202116816&vjs=3
AWS 클라우드엔지니어의 전체 세부 정보,스마트디아그노시스,서울 마포구,https://kr.indeed.com/rc/clk?jk=ccd1d43784d307da&fccid=f4795b9234b4c245&vjs=3
전산전문인력(~7/24)의 전체 세부 정보,브이아이피자산운용,대한민국,https://kr.indeed.com/rc/clk?jk=762f4670e39d3075&fccid=b56486e332998764&vjs=3
파이브스팟 백엔드 개발자(Python)의 전체 세부 정보,FASTFIVE,서울 강남구,https://kr.indeed.com/company/FASTFIVE/jobs/%ED%8C%8C%EC%9D%B4%EB%B8%8C%EC%8A%A4%ED%8C%9F-%EB%B0%B1%EC%97%94%EB%93%9C-%EA%B0%9C%EB%B0%9C%EC%9E%90-a7de63fbef75c0d3?fccid=dd3abc2554a35d5c&vjs=3
Customer Engineer  Data Analytics  Google Cloud의 전체 세부 정보,Google,서울,https://kr.indeed.com/rc/clk?jk=4800ed0bd1febca9&fccid=a5b4499d9e91a5c6&vjs=3
컴파일러 엔지니어(딥엑스)의 전체 세부 정보,딥엑스,성남 분당구,https://kr.indeed.com/rc/clk?jk=1b43aff116704c72&fccid=e34932b8232a173b&vjs=3
마케팅본부 신입/경력 사원 모집의 전체 세부 정보,동아오츠카,서울 동대문구,https://kr.indeed.com/rc/clk?jk=7cb816bcfc144f5e&fccid=790eead88debeb91&vjs=3
Senior Open Source Developer & DevOps (Python  Django  React  AWS/OpenStack),OpenCraft,Anywhere in the World,https://weworkremotely.com/remote-jobs/opencraft-senior-open-source-developer-devops-python-django-react-aws-openstack
(Senior) Python Full Stack Software Developer,Optimile,Europe Only,https://weworkremotely.com/remote-jobs/optimile-senior-python-full-stack-software-developer
Python / PHP Senior Developer for Ambitious Startup,Soundsnap/ Beatopia,Europe Only,https://weworkremotely.com/remote-jobs/soundsnap-beatopia-python-php-senior-developer-for-ambitious-startup
Senior Backend Engineer - Python,TheoremOne  LLC,Anywhere in the World,https://weworkremotely.com/remote-jobs/theoremone-llc-senior-backend-engineer-python
Senior Python Developer - Full Remote ,Ebury,Latin America Only/Europe Only,https://weworkremotely.com/remote-jobs/ebury-senior-python-developer-full-remote-1
Python Developer - Remote,UpStack Technologies  Inc.,Americas Only/Europe Only,https://weworkremotely.com/remote-jobs/upstack-technologies-inc-python-developer-remote
Senior Backend Engineer (Python),TestGorilla,Anywhere in the World,https://weworkremotely.com/remote-jobs/testgorilla-senior-backend-engineer-python-7
Backend Engineer (Python),TestGorilla,Anywhere in the World,https://weworkremotely.com/remote-jobs/testgorilla-backend-engineer-python-6
Python Developer,Lemon.io,Latin America Only/Europe Only,https://weworkremotely.com/remote-jobs/lemon-io-python-developer-1
Senior Software Engineer  Python,AssemblyAI (YC 17),Anywhere in the World,https://weworkremotely.com/remote-jobs/assemblyai-yc-17-senior-software-engineer-python
Senior Back End Developer (Python) - [Remote],EventMobi,Anywhere in the World,https://weworkremotely.com/remote-jobs/eventmobi-senior-back-end-developer-python-remote
Python Platform Engineer,Doximity,Americas Only,https://weworkremotely.com/remote-jobs/doximity-python-platform-engineer
Backend Engineer - Integrations (Python),Cerity Partners LLC,USA Only,https://weworkremotely.com/remote-jobs/cerity-partners-llc-backend-engineer-integrations-python
Python Engineer - Latin America,Azumo,Anywhere in the World,https://weworkremotely.com/listings/azumo-python-engineer-latin-america
